{
  "mock_responses": [
    {
      "valid": true,
      "message": "Prompt is valid",
      "response": "Based on your question, here's what I found: The weather varies by location, but I can help you find current conditions if you provide more details."
    },
    {
      "valid": true,
      "message": "Prompt is valid",
      "response": "Quantum computing is a fascinating field! It uses principles of quantum mechanics to process information in ways classical computers cannot."
    },
    {
      "valid": true,
      "message": "Prompt is valid",
      "response": "Here's a Python function that can help with that task. Would you like me to explain how it works?"
    },
    {
      "valid": true,
      "message": "Prompt is valid",
      "response": "Regular exercise has numerous benefits including improved cardiovascular health, better mood, and increased energy levels."
    },
    {
      "valid": true,
      "message": "Prompt is valid",
      "response": "I'd be happy to help with that recipe! Let me walk you through the steps."
    },
    {
      "valid": true,
      "message": "Prompt is valid",
      "response": "The translation you're looking for is commonly used in everyday conversation."
    },
    {
      "valid": true,
      "message": "Prompt is valid",
      "response": "That's a well-known geographical fact. Let me provide you with the answer."
    },
    {
      "valid": true,
      "message": "Prompt is valid",
      "response": "Great question! Let me explain this concept in a way that's easy to understand."
    }
  ],
  "invalid_response": {
    "valid": false,
    "message": "Prompt validation failed",
    "response": "I cannot process this request as it doesn't meet our content guidelines. Please rephrase your question to be more specific and appropriate."
  }
}
